cycle_id,datetime,capacity_Ah,soc_cycle,t_to_2.7V,t_to_Tmax,T_max,thermal_integral,Vmeas_minus_Vload_mean,Imeas_minus_Iload_mean,voltage_mean,current_mean,temp_mean,duration_s,soc_zero_duration,soc_mean_rate,soc_max_rate,soc_drop_q1,soc_drop_q2,soc_drop_q3,soc_drop_q4,soc_whole_mean,soc_whole_max,soc_whole_rate_mean,soc_whole_rate_min,soc_cyclecap_mean,soc_cyclecap_rate_mean,soc_cyclecap_rate_min
3,2008-07-07 15:15:28,1.8550045207910817,1.0,3338.438,3367.141,-38.10180309676608,4697.180202252103,0.9598577017370905,-3.8985275621419158,3.5275462263272543,1.9541761960216968,-31.773285281389256,3434.891,3338.438,0.00029053033524543406,0.0003013028570053866,-0.2545899201523163,-0.26003540176304185,-0.257314751311119,-0.22805992677352283,0.48717768130588285,1.0000020586139506,-0.00029053033524543406,-0.0003013028570053866,0.48717768130588285,-0.00029053033524543406,-0.0003013028570053866
7,2008-07-07 21:53:06,1.8431955317089987,0.993633983664338,3318.328,3347.188,-38.14987995994155,4541.925832682789,0.9608134767390081,-3.885463396966158,3.534835576186522,1.9474374301153292,-31.924891594728642,3425.485,3318.328,0.00029135021368004665,0.0003030891834948195,-0.2553250812685346,-0.2607873642768973,-0.25795845830273256,-0.22592909615183554,0.4827333726959014,0.99363723518134,-0.00028949547346036094,-0.0003011597128015388,0.48582614990247236,-0.00029135021368004665,-0.0003030891834948195
11,2008-07-08 02:56:08,1.8396018424355423,0.9916966895859797,3312.36,3341.5,-37.5266914843442,4509.942400850535,0.9561795570532976,-3.8948874451971363,3.538246596159443,1.9520511323479741,-31.31691283374216,3410.375,3312.36,0.00029259145263621294,0.00030362484663171846,-0.2543652212147367,-0.2601959287390302,-0.2572094583291279,-0.2282293917171052,0.48323983831011014,0.9916988787709958,-0.0002901619749804854,-0.00030110375528073774,0.48728592460246734,-0.00029259145263621294,-0.00030362484663171846
15,2008-07-08 07:58:55,1.8306736044962053,0.9868836350412233,3296.11,3325.547,-37.06279237079503,4547.2112189495665,0.9663937197597597,-3.882907230860163,3.537697945111872,1.9460914562122762,-30.821190751176527,3404.719,3296.11,0.0002930890446579351,0.00030516949861073006,-0.25451529787992366,-0.2600602294497888,-0.2603208783810339,-0.22510359428925364,0.47941783934478044,0.9868836350412233,-0.00028924478178278247,-0.00030116678409265393,0.48578963347057086,-0.0002930890446579351,-0.00030516949861073006
18,2008-07-08 18:57:48,1.8327002069419656,0.9879761404357094,3298.063,3327.782,-38.2110354381278,4592.621965827777,0.9741789040219465,-3.8724819200260567,3.542667604586918,1.9412796601390512,-31.95346971511436,3417.641,3298.063,0.00029203587269156393,0.0003052340386150536,-0.2560473034476741,-0.26157434179490247,-0.25872864528778494,-0.22364970946963847,0.4785129130433456,0.9879761404357094,-0.00028852447437058553,-0.0003015639474004961,0.4843365071876288,-0.00029203587269156393,-0.0003052340386150536
20,2008-07-08 22:57:17,1.8285288846046388,0.9857274546289774,3291.672,3321.422,-38.17496505957075,4453.059462150386,0.9723515962955962,-3.8704954203698416,3.5451037330477333,1.9400338819083036,-32.02311236185272,3411.766,3291.672,0.00029248592064032904,0.00030554046454617234,-0.25535538427182203,-0.26092479938770763,-0.26126316147168593,-0.2224566548687844,0.47726058846738983,0.9857294468212568,-0.00028831140206760477,-0.0003011796244032465,0.4841709401784169,-0.00029248592064032904,-0.00030554046454617234
22,2008-07-09 02:56:41,1.8212011895697924,0.9817772243450524,3278.734,3298.719,-37.64038685475582,4432.526362967254,0.979703899035563,-3.8576368334273,3.5475142438631493,1.9335667184847714,-31.634533158077694,3399.516,3278.734,0.00029354166396086353,0.00030673626218852973,-0.2575176581533736,-0.26036006215753205,-0.26029387430528605,-0.22182840538380832,0.47535181678087174,0.9817789959915346,-0.00028819252007312475,-0.0003011466760974371,0.4841748260130814,-0.00029354166396086353,-0.00030673626218852973
24,2008-07-09 06:55:54,1.8151700106433282,0.9785259228744274,3267.484,3287.5,-37.37602884738843,4463.144199513422,0.9811805496334524,-3.856673523960488,3.544812433691423,1.9332161326561408,-31.288194921595714,3388.75,3267.484,0.0002944444791719671,0.0003092648486234355,-0.2566801437799102,-0.2597816951240717,-0.2597435055358698,-0.22379465556014833,0.47367105696623757,0.9785259228744274,-0.00028812155571702954,-0.00030262367141185853,0.48406592599491394,-0.0002944444791719671,-0.0003092648486234355
27,2008-07-09 11:26:41,1.8042980520967649,0.9726650430627023,3247.953,3278.156,-37.28928029078695,4531.796311559584,0.9852587291707953,-3.855449750166637,3.5434780274164095,1.9325959489970461,-31.11122470608501,3380.406,3247.953,0.0002952072115229037,0.00031006690906579303,-0.25669713130873273,-0.2627843069254807,-0.2597950999923547,-0.22072346177343183,0.4694091736847069,0.9726668955392179,-0.0002871377351083456,-0.00030159124345880144,0.48260105267754205,-0.0002952072115229037,-0.00031006690906579303
30,2008-07-10 16:34:39,1.8231002302844226,0.9828009634752517,3281.579,3311.954,-37.52377766578506,4621.776413400576,0.9758416616005385,-3.867720023845349,3.543133206790044,1.9387520938161948,-31.13166983979621,3404.141,3281.579,0.0002930981609311884,0.00030657729016284746,-0.25552751739012125,-0.26123753819576956,-0.26151002223177044,-0.22172492218233875,0.4754280816081003,0.9828031725439682,-0.0002880571549559963,-0.0003013044561516742,0.4837480825486311,-0.0002930981609311884,-0.00030657729016284746
32,2008-07-10 20:33:58,1.8121253520255494,0.9768846014740459,3262.422,3292.922,-37.72420412562674,4525.290948086256,0.9825551462809368,-3.8543118914537136,3.545155146280937,1.9319248326301843,-31.51305775907457,3396.141,3262.422,0.0002938212360780766,0.0003083811189396969,-0.2584372977894682,-0.2614761350715613,-0.26151652863488606,-0.2185700385040844,0.4711515464001028,0.9768886469436834,-0.0002870294411107436,-0.000301252766477526,0.4823001055489771,-0.0002938212360780766,-0.0003083811189396969
34,2008-07-11 00:30:25,1.8046916382117766,0.9728772183488541,3249.594,3270.234,-37.41366095304306,4455.686999543491,0.9883320698138572,-3.8405844154614104,3.545032366549762,1.9249594896453863,-31.31102568785445,3384.094,3249.594,0.00029485830522862363,0.0003096859780897269,-0.2578420355177554,-0.26068697731696255,-0.2606500775084968,-0.22082090965678525,0.4691178016458857,0.972878085525691,-0.0002868609277978806,-0.0003012864329255847,0.48219630678788233,-0.00029485830522862363,-0.0003096859780897269
36,2008-07-11 04:28:49,1.790844349786295,0.9654123910288773,3225.235,3245.828,-36.94724908852665,4461.758375238258,0.9955981990856105,-3.8268217565019484,3.5440892170496827,1.9179528942264992,-30.893964711700164,3370.656,3225.235,0.0002960349667645247,0.000311899942923001,-0.2578992949891228,-0.26409352738057235,-0.26073670255388326,-0.2172704750764216,0.4638382060264803,0.9654155201603606,-0.000285795825092294,-0.0003011120696590694,0.48045603136722753,-0.0002960349667645247,-0.000311899942923001
39,2008-07-11 08:59:08,1.783470722841926,0.9614373996680884,3211.704,3232.391,-36.707091312059944,4531.9522780185,1.0008065346003552,-3.825518652683444,3.541317108618481,1.917373033348097,-30.540598970902945,3357.797,3211.704,0.00029714662601625633,0.00031328476478287987,-0.25710506263471955,-0.2632711627780945,-0.2633760977209517,-0.21624767686623425,0.46186038606131585,0.9614427995788595,-0.0002856878794372152,-0.0003012036896084813,0.4803852920853311,-0.00029714662601625633,-0.00031328476478287987
42,2008-07-11 14:27:05,1.7809386125310702,0.9600723839592448,3205.5,3236.547,-37.13061214416645,4631.990296361592,1.0008464643910022,-3.826138575560891,3.541197979542517,1.9180652422275581,-30.82566018736547,3363.015,3205.5,0.0002967236065557351,0.0003138232855472633,-0.25873026922722553,-0.26492050302542913,-0.26168673744813753,-0.2146624902992078,0.4597495142597714,0.9600743851435154,-0.0002848761403229495,-0.00030129306989728176,0.4788696372702747,-0.0002967236065557351,-0.0003138232855472633
44,2008-07-11 18:25:27,1.771209039672698,0.9548273439880091,3188.844,3220.125,-37.686600065941576,4587.765306443367,1.0085857357537922,-3.811661450908143,3.541255460524434,1.9106033469326071,-31.451400678644536,3357.734,3188.844,0.00029716363408080205,0.00031562303593717783,-0.2589528701091899,-0.26513279647865806,-0.26534034305111853,-0.21057399036103353,0.45545066385624,0.9548273439880091,-0.0002837399634591966,-0.0003013655051053374,0.4769979271372434,-0.00029716363408080205,-0.00031562303593717783
46,2008-07-11 22:22:05,1.7686303996707076,0.9534372449488483,3185.281,3206.437,-37.633580732302406,4462.410845582493,1.0075817411244348,-3.80965993406446,3.5427478949705886,1.909404549449075,-31.518847747922937,3344.187,3185.281,0.0002983641599678173,0.00031597009283730604,-0.25979632724300783,-0.2627494587136283,-0.2627880853083425,-0.21466612873502133,0.45615332543827225,0.9534410145261009,-0.0002844715026711933,-0.000301257654801039,0.47843036115370646,-0.0002983641599678173,-0.00031597009283730604
48,2008-07-12 02:18:11,1.7536304801917124,0.9453510546938519,3158.875,3180.0,-37.15252578645951,4491.970819132335,1.0231922700732443,-3.783301352288885,3.541251093602656,1.8960567702455413,-31.11237289077096,3339.969,3158.875,0.0002987872369835369,0.0003186024608677184,-0.2596764324704093,-0.26612036915671444,-0.2663691855231103,-0.207834012849766,0.44937830650371513,0.9453527702545292,-0.00028245882961144836,-0.00030119117240935776,0.4753560111584627,-0.0002987872369835369,-0.0003186024608677184
51,2008-07-12 06:45:43,1.7462197416415093,0.9413560571253055,3145.828,3167.063,-36.78829001793698,4574.338760745833,1.025072931217745,-3.7810105410605734,3.5350260562177453,1.8948411660605735,-30.586452588663985,3327.641,3145.828,0.00029985780809988806,0.00031981544879682716,-0.2623745177197485,-0.265389322208716,-0.2655659202501217,-0.20667023982141375,0.44726751989411423,0.9413598454606006,-0.00028227296393114695,-0.0003010602098871412,0.47513107979564173,-0.00029985780809988806,-0.00031981544879682716
54,2008-07-12 11:15:36,1.7376647337053737,0.9367442042482638,3130.406,3162.297,-36.541146197392216,4573.559159095855,1.0164734879840287,-3.7916149939114767,3.5326627624319777,1.90021436299665,-30.242913021104116,3312.844,3130.406,0.000301159874602949,0.00032146531804382386,-0.26165234601225884,-0.264762958358158,-0.26493189519856164,-0.20865280043102152,0.4448029562945073,0.936744782965104,-0.00028210976708644623,-0.000301130773544378,0.47483929366978184,-0.000301159874602949,-0.00032146531804382386
56,2008-07-12 15:13:28,1.7315166735475835,0.933429894181155,3118.656,3140.063,-36.372087786130464,4608.006821445941,1.028596658461267,-3.7781192664433885,3.5333109441755526,1.8936767267608487,-30.10270376338569,3302.031,3118.656,0.00030217931609906535,0.00032270610103524167,-0.2599473957581724,-0.2665305026552238,-0.266579563519182,-0.2069425380674218,0.4431772765170444,0.9334304061506901,-0.00028206320705008426,-0.0003012235217409384,0.47478367607437577,-0.00030217931609906535,-0.00032270610103524167
58,2008-07-12 18:52:45,1.7085949894470602,0.9210732212762566,3077.844,3110.0,-36.52608510498833,4657.120968193124,1.0517469309403555,-3.7389502268950334,3.52738705832889,1.8739718829459886,-30.251184852221932,3305.547,3077.844,0.00030198511095227965,0.0003270076425320942,-0.2645178166079838,-0.2710937164545181,-0.267876024410018,-0.19651244252748012,0.43131380460717517,0.9210732212762566,-0.00027815039892228405,-0.0003011979826889888,0.4682730912636224,-0.00030198511095227965,-0.0003270076425320942
60,2008-07-12 22:50:29,1.711469957068211,0.9226230652733616,3082.844,3104.344,-36.476252762052624,4646.149620749521,1.046120281459505,-3.7492819624066773,3.5296025965720452,1.8791764961687347,-30.212407704391104,3289.562,3082.844,0.00030334563921181814,0.0003264034200240046,-0.2617730041549615,-0.26848229571166315,-0.2688498247613287,-0.20089487537204664,0.4348959376764088,0.9226239464025788,-0.0002798736834869148,-0.0003011473238982536,0.4713690282039009,-0.00030334563921181814,-0.0003264034200240046
63,2008-07-13 03:19:05,1.7075021373272627,0.9204840841029782,3076.266,3097.922,-36.377208902376694,4658.9297701163405,1.0504400250864137,-3.747319499359112,3.5289707694229833,1.8780560689384003,-30.125011009636175,3283.797,3076.266,0.00030384894423619104,0.00032730733010663364,-0.2638208757263931,-0.2669489746182958,-0.2671910121503507,-0.2020391375049604,0.43349316690235834,0.9204875175471191,-0.00027968811714090716,-0.00030128118797339946,0.47094042622670895,-0.00030384894423619104,-0.00032730733010663364
66,2008-07-14 13:08:20,1.7492382064360228,0.9429832579006578,3149.797,3171.563,-36.64000948247426,4710.9118460118325,1.02174213360993,-3.7892994459294855,3.5322741848919814,1.8993718818269214,-30.22428629982563,3325.235,3149.797,0.0003000077734816134,0.0003195002828584731,-0.2618115459568101,-0.26513390373483015,-0.2649819334127622,-0.20807261689559753,0.4488735049277081,0.9429832579006578,-0.00028290230763321396,-0.0003012834176300619,0.47601428887192027,-0.0003000077734816134,-0.0003195002828584731
68,2008-07-14 17:03:45,1.7327697147429955,0.934105386440806,3119.594,3152.219,-37.38165499248184,4703.674236934788,1.0302447741345668,-3.7755061776824665,3.532438322521663,1.8926958551018211,-30.976376254737342,3317.547,3119.594,0.0003007249548786564,0.0003226019015650783,-0.2622730300434265,-0.26846421005095233,-0.2652467935409455,-0.20401596636467567,0.4413902293645627,0.9341094559035492,-0.00028090880018932123,-0.0003013441739279851,0.47252722848155143,-0.0003007249548786564,-0.0003226019015650783
70,2008-07-14 20:57:32,1.7222313328292376,0.9284243318688938,3101.516,3123.406,-37.59824760372582,4627.222448690356,1.04868152070475,-3.7473939775635547,3.5363211310943603,1.8783667048362822,-31.41570291330098,3311.766,3101.516,0.0003012985736923516,0.0003246163981537181,-0.26480627363347664,-0.26786042696447365,-0.26793776260517543,-0.19939553679687427,0.43715755560691494,0.9284250846221378,-0.00027973292697337207,-0.00030138176256955945,0.47085964962478766,-0.0003012985736923516,-0.0003246163981537181
72,2008-07-15 00:49:58,1.711846298984729,0.9228259445182906,3083.234,3105.218,-37.560555155163414,4606.916618863709,1.0556071696447664,-3.7323957775904377,3.533535274219931,1.870834339681941,-31.383299841535273,3305.218,3083.234,0.00030188645746595093,0.00032657828851766213,-0.2642148708309985,-0.27067957884281146,-0.267489061521481,-0.19761648880470906,0.4327221449068767,0.922830356445833,-0.0002785886552482968,-0.000301374917560486,0.4689098171516569,-0.00030188645746595093,-0.00032657828851766213
75,2008-07-15 05:14:47,1.699267835126687,0.916045117993578,3060.968,3094.078,-37.52114200586718,4688.647744070638,1.056868104999938,-3.7302731708323917,3.527012841842043,1.8696567234639716,-31.167937826253635,3295.453,3060.968,0.00030285816597696436,0.0003288433528090273,-0.2669043594971823,-0.2700646894310076,-0.2704640288129253,-0.19256692225888483,0.4279063764908447,0.9160453228921407,-0.00027743174438768693,-0.0003012353479253452,0.4671236908375124,-0.00030285816597696436,-0.0003288433528090273
78,2008-07-15 09:43:28,1.6940366439243106,0.9132250757005568,3051.422,3073.563,-37.21887096740918,4663.397834896818,1.0654990219944143,-3.715452733910303,3.52925730014011,1.8623726014599724,-30.994690437264207,3287.0,3051.422,0.0003036381383754038,0.0003297777709365471,-0.2651323363095818,-0.2718254003923294,-0.26896099429324194,-0.1940812690048469,0.42651011669779,0.9132250757005568,-0.00027728996190345414,-0.0003011613298278745,0.4670372376389292,-0.0003036381383754038,-0.0003297777709365471
80,2008-07-15 13:36:47,1.6819027078768087,0.9066838862255429,3029.375,3051.718,-37.33441415744885,4709.99875572696,1.0764748308678027,-3.7003583408980223,3.527821497534469,1.8547843408980225,-31.055317978554886,3276.922,3029.375,0.0003045775240979796,0.0003323686011896435,-0.2678642693830451,-0.2714485992599157,-0.2719449700802621,-0.18874216127677712,0.4217149114695373,0.9066838862255429,-0.00027615553320611017,-0.00030135325498598044,0.46511790699744854,-0.0003045775240979796,-0.0003323686011896435
82,2008-07-15 17:29:47,1.6769770618433686,0.9040285579078848,3020.484,3042.859,-37.7331798444306,4753.389523684684,1.0778540312405172,-3.698457231986819,3.525692957415014,1.8538766950740675,-31.373945543706103,3268.687,3020.484,0.0003053030073037651,0.00033334113990123786,-0.2663517793872907,-0.2733308366880498,-0.2702046481700233,-0.19011273575463616,0.42024976332822134,0.9040285579078848,-0.00027600263741776307,-0.00030134990999628776,0.46486337146336293,-0.0003053030073037651,-0.00033334113990123786
84,2008-07-15 21:21:30,1.6655229306478936,0.8978538391580942,3000.422,3022.859,-37.84649344841882,4703.555672011427,1.0874874644509442,-3.6824444969097954,3.5243962482347273,1.845735037450336,-31.56128410753226,3260.594,3000.422,0.0003060319968935155,0.0003355513236048893,-0.26928710736008743,-0.2726634949796287,-0.2734311564961539,-0.18461824116412995,0.4155764672853145,0.8978541916296302,-0.00027477200331606086,-0.0003012760441332349,0.46285536594129295,-0.0003060319968935155,-0.0003355513236048893
87,2008-07-16 01:45:13,1.6571924575832084,0.8933630290434469,2985.656,3008.234,-37.670164941661795,4751.04421488108,1.0987094407902536,-3.6675501270363338,3.520797576383474,1.8382538558498933,-31.318474723902874,3258.812,2985.656,0.000306318702079242,0.0003374328965213662,-0.26750793285137464,-0.27458990213491297,-0.27543523873669495,-0.18246692627701744,0.41199413088697134,0.8933630290434469,-0.00027365380354216873,-0.00030145007453523213,0.4611721299101744,-0.000306318702079242,-0.0003374328965213662
90,2008-07-16 06:12:34,1.6482241555294048,0.8885283766459535,2969.485,3014.797,-37.53185198546868,4750.762162193873,1.087751801808698,-3.677955362830282,3.519457281260753,1.8435676915974055,-31.104012325043946,3243.422,2969.485,0.00030769201851944524,0.00033909318556411133,-0.2705439711484092,-0.27413356198063354,-0.2748300878613288,-0.18049237900962845,0.40930509289273154,0.8885283766459535,-0.00027339308972199934,-0.0003012939177009927,0.46065506026694386,-0.00030769201851944524,-0.00033909318556411133
92,2008-07-16 10:05:40,1.6387701497987262,0.8834318900203323,2952.765,2999.515,-37.593333753421376,4808.573299860987,1.0953328600744419,-3.6650112180692735,3.513165600287965,1.83704467002657,-30.989730398009076,3236.515,2952.765,0.00030823733460487234,0.00034102228598368537,-0.27046555174090514,-0.2740926252392467,-0.2751132897272168,-0.18032853329263132,0.4055912927856953,0.8834348378860923,-0.000272306691084812,-0.0003012699626456271,0.4591087296796141,-0.00030823733460487234,-0.00034102228598368537
94,2008-07-16 13:57:42,1.6276486907262062,0.8774365089051547,2932.266,2966.453,-37.361410110678264,4799.97210992607,1.123791553918002,-3.6332582493846206,3.517217159454334,1.8211904293154166,-30.967851972472324,3230.734,2932.266,0.0003089174479649374,0.0003436406313440891,-0.27196996260983486,-0.2753484640639756,-0.27642987381003037,-0.17625169951615915,0.4008119433113976,0.8774365089051547,-0.00027105544708224457,-0.0003015228358845207,0.45679879882308705,-0.0003089174479649374,-0.0003436406313440891
96,2008-07-16 17:51:36,1.62215370227252,0.8744742581978935,2922.187,2956.406,-37.899803246715464,4888.07491706711,1.1123958709926778,-3.644816762551355,3.5120091114107965,1.8270453339799269,-31.285342046153826,3222.093,2922.187,0.0003097495704023007,0.000344540840378554,-0.26998196006277364,-0.27755077680291795,-0.27860937982509026,-0.17385788330921814,0.3993130035319655,0.8744774703503088,-0.0002708680258046681,-0.00030129209580891277,0.4566320846937966,-0.0003097495704023007,-0.000344540840378554
99,2008-07-16 22:13:57,1.6140066510467586,0.8700823275398015,2908.078,2953.953,-38.03149707759718,4862.566343141486,1.1232958412263545,-3.6290325988313215,3.50911052654104,1.819052179250902,-31.41096207271253,3220.344,2908.078,0.00030993294473167057,0.000346229122694794,-0.2722494486555499,-0.2795100277240924,-0.277029599360341,-0.17121092426001672,0.39560356877694514,0.8700823275398015,-0.0002696671779333965,-0.0003012478409363489,0.45467372023924757,-0.00030993294473167057,-0.000346229122694794
102,2008-07-18 17:28:12,1.6760516154424623,0.903529666185232,3018.953,3053.343,-37.42220155418978,4856.386159658493,1.0553254497163924,-3.7294030691720343,3.516106699716392,1.8693745969498121,-30.755137125871208,3250.75,3018.953,0.00030682408768255656,0.00033336883065939425,-0.2669784465175027,-0.27033746957510585,-0.2707851247430134,-0.19189895916437805,0.4219022984667228,0.9035302534536513,-0.00027722466552140856,-0.0003012086282822464,0.46694902697331997,-0.00030682408768255656,-0.00033336883065939425
104,2008-07-18 21:19:44,1.649300642552199,0.8891086916860135,2971.844,2994.969,-37.32511174435206,4728.428361575052,1.0965660123105367,-3.670712401913586,3.519010068254593,1.839770443871628,-30.977446633931525,3239.344,2971.844,0.00030797019686540226,0.00033881104235706366,-0.26813150119897355,-0.27537668775887003,-0.27245973121305633,-0.18403207982910008,0.41040052599312954,0.889111951658643,-0.00027381897881328146,-0.0003012398425988605,0.46158645149997196,-0.00030797019686540226,-0.00033881104235706366
106,2008-07-19 01:10:07,1.63238299185809,0.8799886865838726,2941.641,2987.891,-37.31088262198154,4776.308767790235,1.0940043130921868,-3.6671075659397925,3.5124212742229295,1.837963396328485,-30.800512192698992,3222.25,2941.641,0.00030962470411161243,0.00034227122062066573,-0.26825953253707935,-0.2757452095703734,-0.27691360590217406,-0.17908165199037318,0.4043759627761861,0.8799994140525484,-0.00027246623670509787,-0.0003011948018894399,0.45952404723062845,-0.00030962470411161243,-0.00034227122062066573
108,2008-07-19 05:01:04,1.6164159719025777,0.8713811496336645,2912.954,2947.704,-37.232346556887364,4836.350729126138,1.1054475266171704,-3.650430886716002,3.50815215295169,1.8296109578903785,-30.616192795676138,3206.157,2912.954,0.0003112328638661691,0.00034569584767738665,-0.27140018642315833,-0.27507614911028966,-0.276246970360324,-0.17727669410622804,0.3986204551672446,0.8713918900430759,-0.0002712024507194803,-0.0003012328451727081,0.45745820337613197,-0.0003112328638661691,-0.00034569584767738665
111,2008-07-19 09:25:29,1.6109028378249377,0.8684091169427205,2903.234,2926.578,-36.94850857727268,4859.12705568259,1.1237238373324705,-3.6334766995825905,3.508648568515266,1.8210831511954937,-30.399839302766903,3197.969,2903.234,0.00031203420964323597,0.0003467896857908293,-0.2697871844917834,-0.27724155647876747,-0.2787000435914814,-0.17427121543796775,0.39683987029880263,0.8684098623018186,-0.00027097335245220255,-0.0003011553248024534,0.45697340407468096,-0.00031203420964323597,-0.0003467896857908293
114,2008-07-19 13:53:00,1.5954638693695657,0.8600862431802415,2875.219,2921.829,-37.002663545357386,4867.504244544325,1.1206036760895117,-3.6309771541900053,3.5051993439595477,1.8199201144788144,-30.38386825126278,3181.625,2875.219,0.00031357908080373217,0.0003501820641501202,-0.27295925736238835,-0.27655681458550585,-0.2780948453349077,-0.1723890827171981,0.3912611917257379,0.8600864753008314,-0.0002697050535483954,-0.00030118677598398036,0.4549092545405872,-0.00031357908080373217,-0.0003501820641501202
117,2008-07-29 18:34:27,1.726707440085764,0.930837321813855,3110.0,3143.407,-36.71025442949399,4563.908262486346,1.0210955127520056,-3.781029246109229,3.523165280193865,1.8951156248467713,-30.576239500422748,3302.36,3110.0,0.00030209141586124994,0.00032471298737387494,-0.2622366090768299,-0.26564383549255066,-0.2658829856381604,-0.20623656979245908,0.4407822819476187,0.9308476082029351,-0.0002811979644832413,-0.000302254967525277,0.4735330993053634,-0.00030209141586124994,-0.00032471298737387494
119,2008-07-29 22:21:53,1.7165673917429753,0.9253710017973062,3092.656,3115.156,-36.72807623650589,4483.92433307982,1.0347598093587416,-3.764756063004553,3.527269876472835,1.8867694858233446,-30.705906284556665,3285.812,3092.656,0.0003035920890542073,0.0003254568076698143,-0.2613486294810832,-0.2684378814681011,-0.26575908943604454,-0.2044543996147712,0.4379671012561404,0.9253712759411549,-0.00028093531558582885,-0.0003011682921551721,0.4732881194736994,-0.0003035920890542073,-0.0003254568076698143
121,2008-07-30 02:09:48,1.6958235570934848,0.914188368861919,3055.422,3077.922,-36.72959308355185,4512.040453741584,1.0422643496568282,-3.748646233744891,3.526762654741574,1.8786631828974334,-30.62583594950684,3260.016,3055.422,0.0003059702571217722,0.0003294678722719122,-0.26131375158051107,-0.2683863120389893,-0.26979690792556166,-0.20050302845493795,0.4311618461291039,0.9141909814078557,-0.00027971445027841484,-0.0003011956967446652,0.4716334847552929,-0.0003059702571217722,-0.0003294678722719122
123,2008-07-30 05:57:02,1.6777783190792557,0.9044605014567585,3023.234,3045.859,-36.787462351640364,4556.8217774597715,1.0549311383802136,-3.7322631584939825,3.523020179476104,1.8704748023295987,-30.597357068657974,3240.031,3023.234,0.00030788249305937793,0.00033304619347328604,-0.26527113177684447,-0.2687384205471629,-0.27037193570043017,-0.19561851197556246,0.42459477119188294,0.9044605014567585,-0.00027846755406224207,-0.0003012271271571089,0.46944534394593723,-0.00030788249305937793,-0.00033304619347328604
125,2008-07-30 09:52:21,1.6606586897774192,0.895231613273491,2991.64,3014.187,-36.75689163314213,4565.924891798278,1.0804130354534376,-3.7035440867753957,3.519792345798265,1.8562833971202242,-30.528493896066262,3232.265,2991.64,0.0003086453041588258,0.0003365732092124929,-0.26538570141292195,-0.27278295483114656,-0.27077232314169264,-0.19105902061423885,0.4170302140690156,0.8952334814538927,-0.0002763090335713929,-0.00030131097706793323,0.46583499497309855,-0.0003086453041588258,-0.0003365732092124929
128,2008-07-30 19:28:07,1.6664109274827466,0.8983325424846361,3002.313,3025.016,-37.350157630970955,4582.418732140461,1.0701429807200722,-3.7161071017346416,3.5251014582287223,1.8625354754370638,-31.203754246103966,3232.031,3002.313,0.0003086270566076366,0.0003353375999418859,-0.26532183219393946,-0.2690064748565377,-0.27073552869691153,-0.1949361642526113,0.41999211165422795,0.8983325523686008,-0.0002772497284418878,-0.0003012446787464887,0.4675240980278869,-0.0003086270566076366,-0.0003353375999418859
130,2008-07-30 23:16:54,1.6468336174407805,0.8877787622525443,2967.6399999999994,3001.797000000006,-37.48126030855565,4558.53294633855,1.0704702487888942,-3.7126064043290787,3.518519199837846,1.8606833274060013,-31.172639449335037,3209.5149999999994,2967.6399999999994,0.0003107916041858518,0.0003392277109323643,-0.26573664958811216,-0.27284982801434543,-0.271189652588831,-0.19022386980871142,0.4131694282679422,0.8877787622525443,-0.00027591418568259835,-0.00030115915733329793,0.46539683740531845,-0.0003107916041858518,-0.0003392277109323643
132,2008-07-31 02:46:18,1.6257639928779952,0.8764205017595725,2930.063,2953.063,-37.125443897626305,4542.127181076795,1.096742151259445,-3.6681622682384654,3.5190801794284594,1.8383636766891702,-30.96825922704022,3196.125,2930.063,0.00031217630705228605,0.00034544744496166346,-0.2695590641156351,-0.273115338861633,-0.2760966527760571,-0.1812289442466748,0.4046418578339569,0.8764228195714487,-0.00027359771566421495,-0.00030275722304486455,0.46169830238060977,-0.00031217630705228605,-0.00034544744496166346
134,2008-07-31 06:15:17,1.6121577411874595,0.8690856130635961,2905.437,2939.781,-37.19112571388883,4624.501906807669,1.0866160155464677,-3.6788154317652766,3.5114167272902406,1.8436958588115397,-30.821704306343133,3172.562,2905.437,0.0003144871056755332,0.00034663669436305067,-0.2689193619899066,-0.27248778325967393,-0.27529542293277875,-0.1832974318176407,0.40082419599066194,0.869105561662466,-0.00027331621903661687,-0.000301256964030846,0.46120219914551874,-0.0003144871056755332,-0.00034663669436305067
136,2008-07-31 10:10:14,1.6057366823755344,0.8656241342693628,2893.719,2928.203,-37.17642722353301,4684.9042161907255,1.1020431538748596,-3.6637001218362317,3.5108038681605738,1.8362729789790888,-30.765219721637393,3172.735,2893.719,0.0003144355839391171,0.0003485723908308036,-0.2711943812508426,-0.2745880921144793,-0.27753584545685517,-0.1766816811778229,0.39746302599833105,0.8656241342693628,-0.0002721830301307799,-0.00030173267404310505,0.459163521744704,-0.0003144355839391171,-0.0003485723908308036
141,2008-08-01 17:46:33,1.673645314879889,0.9022324722778301,3015.266,3038.484,-37.11936678632194,4722.440440028172,1.0610931429971553,-3.720248701734112,3.51432611790755,1.864690278795044,-30.809988428281613,3238.109,3015.266,0.00030755655461880234,0.00033390686934743966,-0.2670517605611811,-0.2745318095888577,-0.26835170470673764,-0.1900647251432236,0.4188786580573521,0.9022324722778301,-0.00027748751063897336,-0.0003012616202418897,0.4642691001797197,-0.00030755655461880234,-0.00033390686934743966
143,2008-08-01 21:32:12,1.6404348572349936,0.8843293042409497,2955.813,2979.156,-37.2702464066457,4593.390417781732,1.0707631790201089,-3.7055796110986883,3.5196664048265607,1.8572649157581866,-31.039033590700278,3191.063,2955.813,0.0003125473817097415,0.0003407304757614909,-0.2636543555675288,-0.2711656530170634,-0.274382883655918,-0.19079710775948977,0.4126651613139234,0.8843328334148688,-0.0002763948086097064,-0.00030131794456385,0.46664196169336275,-0.0003125473817097415,-0.0003407304757614909
145,2008-08-02 01:17:09,1.6132653317422077,0.8696826954654632,2907.157,2942.0,-37.39550861947664,4611.348068218561,1.0800668928605346,-3.687735297208233,3.512403849382274,1.8483454421357695,-31.04176453157222,3165.828,2907.157,0.00031500153607415255,0.00034632477456010715,-0.26923415998072175,-0.27282895548281916,-0.27576889021219775,-0.18216799432426134,0.4020404777627879,0.869684323392293,-0.0002739513849687305,-0.0003011926634459063,0.46228409494523937,-0.00031500153607415255,-0.00034632477456010715
147,2008-08-02 05:03:55,1.5920964324686278,0.8582709177386076,2869.282,2904.219,-37.378956702246384,4637.6153306952,1.0954528901126777,-3.669460729981556,3.5077862234460104,1.839168422289249,-30.959784195511766,3140.407,2869.282,0.0003175641994402287,0.0003509904657801738,-0.2694970205208822,-0.27317392516545835,-0.27630528148905276,-0.1810237728246067,0.394822474969669,0.8582709177386076,-0.00027255611689449156,-0.00030124490918265537,0.46002080090276914,-0.0003175641994402287,-0.0003509904657801738
150,2008-08-02 09:26:51,1.5866011820698824,0.855308525821416,2859.735,2883.188,-37.245718322158105,4675.232349901928,1.1087223408986304,-3.652014529089422,3.5076596102713244,1.8303326102702338,-30.843513277103145,3131.922,2859.735,0.000318385739509421,0.0003532491221941436,-0.26768482286844697,-0.2752986416488835,-0.27854868204331384,-0.17846785343935567,0.39319321247029576,0.8553120109347346,-0.0002723180375023642,-0.0003021369859515788,0.4597092167328546,-0.000318385739509421,-0.0003532491221941436
153,2008-08-02 13:55:03,1.5800766490336253,0.851791265910117,2847.734,2871.281,-37.21755583353321,4664.753614929181,1.108304917925752,-3.6497649492863027,3.5074833565874615,1.829290599843924,-30.797157400797865,3121.109,2847.734,0.00031948601151743356,0.00035375865385781687,-0.26988837711388425,-0.27387838621536664,-0.2766523674970184,-0.17958086917373073,0.39118713779570113,0.8517934581426106,-0.0002721353941910088,-0.00030132853159621064,0.4592523467327735,-0.00031948601151743356,-0.00035375865385781687
155,2008-08-02 17:41:59,1.5641732953289167,0.8432180503052695,2819.39,2854.719,-37.56150979821064,4718.369081600625,1.1077086907223488,-3.646957259860079,3.5023865933440717,1.8278449003095165,-30.984434580754094,3105.265,2819.39,0.0003211225120945025,0.0003573988837302488,-0.26880089505712834,-0.27717593631553605,-0.2803102271898864,-0.1737129414374492,0.38559284898519813,0.8432198570231115,-0.000270776298557457,-0.00030136518992030284,0.45728723293530327,-0.0003211225120945025,-0.0003573988837302488
157,2008-08-02 21:29:24,1.555618272193922,0.8386061892347928,2804.266,2827.953,-37.4174791317661,4663.141265406217,1.1221916070925935,-3.6289459365099943,3.503693493885047,1.8188198987741453,-30.967899275139946,3091.25,2804.266,0.00032261155989740187,0.00035914999281326195,-0.2711017979428032,-0.2753936963398528,-0.27853301174818623,-0.1749714939691578,0.383153695498768,0.838606856414934,-0.0002705440508486523,-0.0003011854068368329,0.45689347445478096,-0.00032261155989740187,-0.00035914999281326195
159,2008-08-03 01:16:07,1.5402045278637397,0.8302969133503282,2776.891,2824.344,-37.55101533655474,4702.173356813402,1.123470131375914,-3.6258845365570274,3.4989948462048113,1.817194042260449,-30.976616345195186,3076.703,2776.891,0.0003241520703488297,0.00036269561948790163,-0.270471924339585,-0.27926073903999804,-0.28171382281025636,-0.1685535138101606,0.37738159266032906,0.8302976563708322,-0.000269142463466752,-0.00030114505334649655,0.4545140257568318,-0.0003241520703488297,-0.00036269561948790163
162,2008-08-03 05:39:11,1.5321613015959863,0.8259609528835993,2762.266,2797.891,-37.59895044072871,4783.842636619724,1.1295933161875553,-3.6230249014703175,3.495405576723954,1.8157980815469454,-30.89768961926806,3062.328,2762.266,0.00032556788929613805,0.00036465344785767666,-0.2725644581237098,-0.2772006481562014,-0.2800812665091782,-0.17015362721091065,0.37527420029846414,0.8259623665530544,-0.0002689063640713406,-0.0003011895092648175,0.4543485972167386,-0.00032556788929613805,-0.00036465344785767666
165,2008-08-03 10:08:42,1.5316232403693415,0.8256708936300426,2761.36,2809.156,-37.489239782169804,4714.989743363955,1.115817875521882,-3.6355683489584147,3.494528300232307,1.822108117298183,-30.81568822237933,3050.563,2761.36,0.0003267975901545221,0.000364833106848865,-0.269501268461383,-0.27846320437063943,-0.2810976692910897,-0.17093785787688787,0.3764147424842236,0.8256708936300426,-0.0002698272582990285,-0.00030123207735772983,0.4558895625220905,-0.0003267975901545221,-0.000364833106848865
167,2008-08-03 13:54:25,1.5222595950771978,0.8206231187124103,2744.25,2768.203,-37.37911114363861,4713.811074879162,1.1301504244136338,-3.6172250596781197,3.4962554827793926,1.8129628028687814,-30.726188079151118,3034.672,2744.25,0.0003285438463373615,0.00036698265638090456,-0.27164967950628627,-0.2767854139208338,-0.27925535033419013,-0.17230955623868982,0.37381447878408774,0.8206244412265438,-0.00026961067581513675,-0.0003011544519926591,0.4555251616242756,-0.0003285438463373615,-0.00036698265638090456
169,2008-08-03 17:42:28,1.5065267126851283,0.8121418011653458,2716.063,2763.985,-37.559604168615785,4797.925303840444,1.14186833691346,-3.6001798606207793,3.48769646191346,1.8044876731207795,-30.76818712651005,3031.25,2716.063,0.00032893761342484625,0.000370833243888348,-0.27523310625530306,-0.28028611226002265,-0.28323422184525293,-0.16124655963942136,0.3666776763577022,0.8121418011653458,-0.0002671439858378848,-0.00030116917862347235,0.4514946476484215,-0.00032893761342484625,-0.000370833243888348
171,2008-08-03 21:26:49,1.5014219556532926,0.8093899172887186,2706.812,2755.046,-37.61805450748922,4762.68774656912,1.133029794282802,-3.6111774803080103,3.486547580844067,1.809986175960184,-30.775415173787835,3011.343,2706.812,0.0003310454373058053,0.0003721297813201862,-0.27346551610818315,-0.27860455808550666,-0.28093199787395606,-0.16699792793235413,0.36641131637622204,0.8093902856425228,-0.0002679448391197533,-0.0003011980929234128,0.45270061876187045,-0.0003310454373058053,-0.0003721297813201862
174,2008-08-04 01:48:42,1.4963534117486457,0.8066575552659644,2698.063,2746.36,-37.71101994346608,4847.810316451567,1.1384529457870662,-3.609440045659873,3.482298183882304,1.8090400456598725,-30.761821976538275,3003.0,2698.063,0.00033198002737779394,0.00037340037164810234,-0.2745833473619027,-0.2798245295367724,-0.2820445316990152,-0.16354759140230968,0.3650936060707305,0.8066575912671008,-0.00026779419728169935,-0.00030120623092906064,0.4526004916055796,-0.00033198002737779394,-0.00037340037164810234
177,2008-08-04 17:08:25,1.5334262000312422,0.826642837170715,2764.172,2812.547,-37.767989299214086,4832.216821316069,1.1104273248491234,-3.6459150057030856,3.491819481711868,1.8273691233501441,-30.913721930762733,3045.187,2764.172,0.0003273018207120592,0.00036512966381846423,-0.26878319081408486,-0.2777873751788351,-0.28042651573371824,-0.17300291827336178,0.3778163375085832,0.8266482291753176,-0.0002705617056845571,-0.00030183182123406926,0.45704906704533393,-0.0003273018207120592,-0.00036512966381846423
179,2008-08-04 20:55:13,1.523845267514426,0.8214779265683784,2746.922,2783.453,-37.91919394450186,4773.333085141274,1.1209009915818557,-3.627129468353202,3.493995853241935,1.8180385592622932,-31.228215653165606,3028.469,2746.922,0.0003290717853402189,0.0003666977851163385,-0.27096628947687207,-0.27603402275961375,-0.27845948702907675,-0.17454020073443743,0.37521789899104774,0.8214806943451092,-0.00027032520791343747,-0.0003012341361945852,0.45675956328914863,-0.0003290717853402189,-0.0003666977851163385
181,2008-08-05 00:41:24,1.5011920994261239,0.8092660058779416,2706.297,2755.062,-37.99328509003338,4685.666138146352,1.1369228323626914,-3.6081327710359177,3.484377015629623,1.8085351614741645,-31.261679783387308,3012.937,2706.297,0.00033079743561102286,0.00037226776538934643,-0.2713201810933329,-0.2808816994989177,-0.28364434625197255,-0.16415377315577684,0.36614934380141284,0.8092722102928384,-0.0002677031194715978,-0.00030126364761374255,0.4524462181062351,-0.00033079743561102286,-0.00037226776538934643
183,2008-08-05 04:27:50,1.492417671450291,0.8045358675534857,2690.781,2739.546,-37.984838024989045,4757.37876978615,1.1376345709221025,-3.6048057249183567,3.4859116793558376,1.8068041184926535,-31.18408593575448,2998.875,2690.781,0.00033237740879897315,0.0003743660262394005,-0.27394492044709384,-0.27915237406756754,-0.2813939196945041,-0.1655087857908345,0.3635630380753008,0.8045363214468956,-0.0002674095469432616,-0.00030119089570306706,0.4518916467712748,-0.00033237740879897315,-0.0003743660262394005
185,2008-08-05 08:23:48,1.483323851940123,0.799633550923934,2674.766,2723.687,-37.8288851383529,4776.740771331537,1.1452868511426704,-3.601397236353884,3.4842787539766786,1.8050190987020625,-31.001432353085377,2983.547,2674.766,0.00033405383965794767,0.0003766820779112605,-0.27168125192721293,-0.2816908765917816,-0.28388181325188666,-0.1627460582291188,0.36114981242559796,0.799633550923934,-0.0002671206580054595,-0.00030120762752958163,0.45164414625713073,-0.00033405383965794767,-0.0003766820779112605
188,2008-08-05 12:50:42,1.4807376792294196,0.7982393911352555,2669.782,2706.563,-37.844837975501,4760.035622460566,1.1354988562023043,-3.6147486270681797,3.482988652120672,1.8118563821702207,-30.981374033120872,2966.86,2669.782,0.0003358781864020421,0.0003774198339512244,-0.27295011085200627,-0.27870288929283016,-0.28058849113110695,-0.16775850872405662,0.36174716791198236,0.7982441009912811,-0.00026811119900917976,-0.0003012713784555955,0.4531813036656909,-0.0003358781864020421,-0.0003774198339512244
190,2008-08-05 16:36:12,1.4735077809902477,0.7943418813674149,2656.515,2681.219,-37.8984610468502,4752.536201673543,1.1516352679263464,-3.595335271227756,3.483799876979844,1.8021525551783737,-31.088687926688607,2954.797,2656.515,0.0003372177176984756,0.00037926276141644075,-0.2710004953315346,-0.281103007841758,-0.2830204982034127,-0.16487599862329472,0.3596660280631632,0.7943462837751478,-0.0002678661563070329,-0.0003012642954361394,0.4527849235948863,-0.0003372177176984756,-0.00037926276141644075
192,2008-08-05 20:21:46,1.46801928526661,0.7913831307756389,2647.047,2684.079,-38.27784043980244,4745.323705930855,1.1340887863888514,-3.60974907826295,3.4787540756450497,1.8092953592546854,-31.336420133762665,2945.735,2647.047,0.00033825181140032163,0.000380621521332912,-0.2722196796598326,-0.282410860978634,-0.27980631188902005,-0.16556314747251333,0.3582176337222963,0.7913850449008072,-0.0002676867774965175,-0.00030121745119302684,0.45264754806083024,-0.00033825181140032163,-0.000380621521332912
194,2008-08-06 00:06:53,1.4580923557119019,0.7860316993136419,2629.406,2678.953,-38.24434303919528,4807.776063712097,1.1420161156763764,-3.5913637492246693,3.4752194351784507,1.8000309691416814,-31.22599987103565,2941.375,2629.406,0.0003387816260813754,0.0003832852892381444,-0.2744616821183893,-0.28041730433839307,-0.28259205161787804,-0.1625289619253396,0.3540898530068464,0.7860316993136419,-0.00026629309724498227,-0.0003012743872217796,0.45047782845912654,-0.0003387816260813754,-0.0003832852892381444
197,2008-08-06 04:27:52,1.4478660988891399,0.7805189058362433,2611.391,2660.953,-38.06956259266949,4824.9433145329,1.1481161048386797,-3.5877269116493746,3.470739535801023,1.7981302589297092,-31.037323488688802,2923.953,2611.391,0.0003407627226912748,0.00038609238463233574,-0.2728371844338998,-0.28299374431375146,-0.28531658188534426,-0.15885248936700447,0.3510215548865571,0.7805198571961776,-0.0002659717474647732,-0.0003013524056049363,0.44972844637308906,-0.0003407627226912748,-0.00038609238463233574
200,2008-08-06 08:55:24,1.4527808777541982,0.7831683758563823,2620.046,2669.765,-37.81744565252647,4813.579690602156,1.1366345234488995,-3.602948374016507,3.474600910003521,1.8058248446047425,-30.811349225731828,2921.031,2620.046,0.0003410731942864555,0.0003846004755163005,-0.2726292365873475,-0.2831661226105622,-0.28035626322722496,-0.16384837757486537,0.3537975223355045,0.7831683758563823,-0.0002671177396174718,-0.0003012069297636949,0.451751543145026,-0.0003410731942864555,-0.0003846004755163005
202,2008-08-06 12:40:42,1.4425356364492432,0.7776453481817188,2601.141,2638.61,-37.902567770354786,4805.770976178415,1.1521241906683144,-3.582989763586463,3.4740521567700093,1.795955865281378,-30.932223179746046,2902.75,2601.141,0.00034319422935635667,0.0003875660710025604,-0.27529546607977506,-0.2813350198559649,-0.28289916945271065,-0.1604703446115494,0.35088321385251015,0.7776465501086612,-0.0002668833959817807,-0.0003013889522282074,0.4512123870771441,-0.00034319422935635667,-0.0003875660710025604
204,2008-08-06 16:25:32,1.4392712877203313,0.7758855957432074,2595.406,2620.344,-38.16628336469349,4789.4856978461185,1.1538416860948122,-3.5813108067474544,3.475075728648004,1.7951057003644757,-31.215527070380897,2897.875,2595.406,0.00034377473750627933,0.0003884609246056041,-0.2719586363207034,-0.28240194575736344,-0.2843244356243084,-0.16131498229762475,0.3499513596350992,0.7758855957432074,-0.0002667298670115243,-0.0003014012359105773,0.45103474217727535,-0.00034377473750627933,-0.0003884609246056041
206,2008-08-06 20:09:11,1.4286475681888218,0.7701585371768062,2576.391,2613.891,-38.36789486715962,4763.888203561982,1.1528260169981253,-3.579156806682294,3.472424307596416,1.7940097981352856,-31.400797084337558,2892.094,2576.391,0.00034445895161434046,0.00039114276767920897,-0.2744454093026414,-0.2853660910576815,-0.28214636196158094,-0.15804213767809616,0.3455746283313031,0.7701615310697335,-0.0002652880022927567,-0.00030124194178310533,0.4487058334743475,-0.00034445895161434046,-0.00039114276767920897
209,2008-08-07 00:27:39,1.4249026750004896,0.7681397317526905,2570.234,2595.296,-38.19823604401131,4804.5777340318655,1.1692317889578179,-3.559808190200637,3.471751102262539,1.7841592631620102,-31.259213269721236,2886.921,2570.234,0.0003451041034606,0.0003920547853728104,-0.2757974898148736,-0.28184144509875375,-0.28361934323824145,-0.15874172184813118,0.3444818948690287,0.7681397317526905,-0.00026508817345897827,-0.000301152857668633,0.4484625395994199,-0.0003451041034606,-0.0003920547853728104
212,2008-08-07 19:05:53,1.4698115324524124,0.7923492994106556,2650.375,2700.828,-38.099982807571635,4821.418205016443,1.1245955819265718,-3.618338382776245,3.4745407296058963,1.8136320536623207,-31.134701292957466,2942.531,2650.375,0.0003385686391946922,0.00038024300807468995,-0.2727336133644449,-0.27823107793004676,-0.2803866773694248,-0.16864863133608354,0.3594612771588936,0.7923536762474861,-0.00026826462406833357,-0.0003012852810537806,0.4536651668983093,-0.0003385686391946922,-0.00038024300807468995
214,2008-08-07 22:50:51,1.4525819651050202,0.7830611455790711,2619.766,2670.234,-38.214523782841354,4747.330960471801,1.1268012570046815,-3.613068993096079,3.471720060423485,1.8109604460875317,-31.246879695988095,2912.469,2619.766,0.0003420255384061955,0.0003847780331187158,-0.27182075930353977,-0.2824271473459461,-0.27955204532169964,-0.1662000480288145,0.35475148500605796,0.7830643882464042,-0.0002678269099216539,-0.0003013047274076008,0.45303165277562135,-0.0003420255384061955,-0.0003847780331187158
216,2008-08-08 02:32:53,1.442834198908794,0.7778062979024363,2602.125,2640.172,-37.939696536164234,4743.80177675343,1.1431096167253754,-3.592562673075301,3.471398409828823,1.800802328247715,-31.027558674438325,2895.594,2602.125,0.0003440015654264815,0.00038726539125856843,-0.27447990825454605,-0.28046986795544115,-0.28215175072926857,-0.16289847306074423,0.3519909630870023,0.7778062979024363,-0.00026756658407701414,-0.0003012174602805631,0.45254321549753534,-0.0003440015654264815,-0.00038726539125856843
218,2008-08-08 06:16:47,1.428376058807949,0.7700121712904541,2576.563,2627.422,-38.06666733482501,4827.109256950817,1.142770848027505,-3.5885835299011695,3.4626491088970703,1.798647877727257,-30.931917385258963,2884.406,2576.563,0.0003453451503285236,0.0003910308669302781,-0.2734559975984189,-0.2847314234293218,-0.2814456997352811,-0.16036687923697823,0.34651943987869815,0.7700128624769286,-0.00026591996904909453,-0.0003010985268865705,0.45001813321725864,-0.0003453451503285236,-0.0003910308669302781
220,2008-08-08 10:14:50,1.4154547844370715,0.7630465417051595,2553.172,2578.625,-37.63260475617888,4817.619699620297,1.1767059136931117,-3.5520678721259222,3.466072725920186,1.7804067367547436,-30.667082236656018,2873.766,2553.172,0.00034660619653760656,0.00039452270812210567,-0.2761914614558525,-0.2827257235959503,-0.2840278812328604,-0.15705493371533685,0.3415379748052903,0.7630490098118422,-0.0002644766596015995,-0.0003010391880567259,0.4475978280984861,-0.00034660619653760656,-0.00039452270812210567
223,2008-08-08 20:10:08,1.454576670077708,0.7841364556121901,2622.859,2648.359,-38.18223603956323,4777.701830276237,1.1226366185586791,-3.624340344186433,3.4730670533412877,1.8167125180994765,-31.226789107710772,2893.375,2622.859,0.0003442158446188742,0.000384306961971885,-0.26974826063930224,-0.2804630000479734,-0.2773136632199955,-0.17247507609272883,0.3578722356223494,0.7841364556121901,-0.0002699121923650006,-0.0003013490990277246,0.45639025333027244,-0.0003442158446188742,-0.000384306961971885
225,2008-08-08 23:54:01,1.4283179548274056,0.7699808484662279,2575.952999999994,2626.9839999999967,-38.3907466519188,4811.348020367674,1.1474836372533317,-3.587500607844394,3.4668548162926327,1.7981268087177564,-31.387733116648285,2884.9839999999967,2575.952999999994,0.00034523115796080523,0.00039125904221807596,-0.2750904475572591,-0.28087853945211105,-0.2829158620508436,-0.16111515093978623,0.3462817043077757,0.7699824277646227,-0.00026582137992363917,-0.00030126196929715354,0.44972768478275205,-0.00034523115796080523,-0.00039125904221807596
227,2008-08-09 03:37:06,1.4197026883204058,0.7653365112635747,2560.344,2611.594,-38.51622654624205,4777.381786889714,1.1511283007532411,-3.5839690324316407,3.46527367520258,1.7964439222994821,-31.505666838292886,2870.234,2560.344,0.00034696029638663333,0.00039374154294746083,-0.2726544985095042,-0.28393899211331064,-0.2858087593759605,-0.15759775000122467,0.34386236777774076,0.7653378309078549,-0.0002655413827835219,-0.0003013447788189471,0.44929565324150306,-0.00034696029638663333,-0.00039374154294746083
229,2008-08-09 07:19:59,1.4155606630306516,0.7631036189749955,2553.204,2604.688,-38.56612180540248,4745.8967033553845,1.150286052433364,-3.5818705775145765,3.4638878223448684,1.795371462470329,-31.5462258449116,2864.11,2553.204,0.0003477200541104581,0.0003948201492568297,-0.2741542453518331,-0.285574374505669,-0.2819180044119354,-0.15835337573056252,0.3425679209924828,0.7631046220086422,-0.00026534643168187185,-0.0003012886847421352,0.4489140301190312,-0.0003477200541104581,-0.0003948201492568297
232,2008-08-09 11:36:57,1.405680035419228,0.7577771480684934,2535.031,2586.468,-38.5606541602861,4845.684028196071,1.1567141734400639,-3.5783621691701626,3.457807923440064,1.7937175263130196,-31.389977882297476,2846.64,2535.031,0.00034980840833142576,0.00039764634856282116,-0.2766634564760002,-0.28335790446843867,-0.28490794866102565,-0.15507069039453547,0.33999891686717537,0.7577781131800296,-0.0002650768180357668,-0.000301327315953783,0.448679295402088,-0.00034980840833142576,-0.00039764634856282116
235,2008-08-09 15:59:02,1.4084461071166137,0.759268288206635,2540.469,2592.094,-38.53842073636507,4788.9644996599545,1.1423382181636366,-3.5941306972556366,3.459813554486507,1.8014517734888207,-31.385433749863733,2839.532,2540.469,0.0003506321137518773,0.00039681800883486704,-0.27163134540207057,-0.2832134688055308,-0.2848627580849564,-0.16029242770744223,0.342229251697956,0.759268288206635,-0.00026622384479866185,-0.0003012913302976143,0.4507356056003465,-0.0003506321137518773,-0.00039681800883486704
237,2008-08-09 19:41:13,1.3968547782872414,0.7530196086484692,2519.656,2571.25,-38.548873480234754,4801.640803642163,1.1557844845364937,-3.5742729266892295,3.458027727779737,1.7915215753378781,-31.423707199142058,2832.703,2519.656,0.00035154484775313177,0.0004001188032639735,-0.2745723656160721,-0.28643131915388764,-0.28250397992690524,-0.156492335303135,0.3373731704608769,0.7530199583535763,-0.0002647201636774489,-0.0003012973046467298,0.4480270720524785,-0.00035154484775313177,-0.0004001188032639735
239,2008-08-09 23:22:00,1.3935670371440676,0.751247245774781,2513.4689999999973,2539.4689999999973,-38.45838357496903,4782.50682357573,1.1713906220770294,-3.55445068515659,3.4613996718507845,1.7816941240706174,-31.435368910968148,2827.077999999994,2513.4689999999973,0.0003522075929914748,0.0004009725257100548,-0.27606268094019804,-0.2826990390562729,-0.28396463050463794,-0.1572736494988911,0.336354815896086,0.7512473374292425,-0.0002645949841758104,-0.0003012295055710365,0.44772851785858403,-0.0003522075929914748,-0.0004009725257100548
241,2008-08-10 03:01:08,1.3893644292809475,0.7489816944965945,2505.718,2531.875,-38.54382874673793,4772.38605362512,1.174621698354253,-3.5503982725138252,3.4611285476693214,1.7797379985412234,-31.542375291159843,2821.531,2505.718,0.0003528548986924017,0.0004022632972882946,-0.27396461621249935,-0.28564331500654583,-0.286763174884459,-0.1536288938964958,0.33491717797205883,0.7489816944965945,-0.00026428185993405924,-0.00030128784603677614,0.4471633691891006,-0.0003528548986924017,-0.0004022632972882946
244,2008-08-10 07:19:08,1.3785651415666713,0.7431599902402238,2486.812,2539.375,-38.650883957434026,4821.945721218526,1.170075341341877,-3.5623343465779973,3.455556822823358,1.7856528650965158,-31.52669677306915,2805.156,2486.812,0.0003548743105746681,0.0004054231891174945,-0.27803095384048304,-0.2849016260485012,-0.28618154273172514,-0.1508858773792906,0.3318656903096534,0.743164125656933,-0.0002637283891831765,-0.00030129429326771276,0.44656022211634266,-0.0003548743105746681,-0.0004054231891174945
247,2008-08-10 11:39:39,1.384901110085747,0.7465755983684312,2498.312,2524.421,-38.45654834997334,4783.926583965197,1.1771534088159008,-3.5480116519216733,3.459598362944341,1.7784070647657095,-31.435921914290372,2814.906,2498.312,0.00035368033190151375,0.0004034479519366696,-0.2750115655837819,-0.28708021066468503,-0.2833829872389644,-0.15452523651256866,0.33382726947511054,0.7465763208754328,-0.0002640491054205179,-0.00030120439612763526,0.4471446296994674,-0.00035368033190151375,-0.0004034479519366696
249,2008-08-10 15:21:25,1.3703251814242443,0.7387179740348331,2471.406,2523.781,-38.6564130442344,4844.197328807351,1.1805417817536497,-3.546410851988438,3.4506569891269216,1.7778412667349817,-31.475238112886494,2801.156,2471.406,0.00035545610445444795,0.0004079797025230668,-0.2779680051139588,-0.2848742266632054,-0.286219472311137,-0.15093829591169883,0.32840132569216374,0.7387179740348331,-0.0002625818133409036,-0.0003013819392951745,0.44455575366395306,-0.00035545610445444795,-0.0004079797025230668
251,2008-08-10 19:01:07,1.3733464385229082,0.7403466800917733,2477.14,2516.531,-38.655587491253975,4795.0357508848565,1.1794365393788693,-3.5439573871531147,3.455515243082573,1.7764462760420034,-31.5817445550721,2794.187,2477.14,0.0003562562020629797,0.0004069884447258504,-0.27802908403673376,-0.28502258352804455,-0.2860217196877418,-0.15092661274747987,0.33057991393606717,0.7403504957470748,-0.000263753096459431,-0.0003013125438884952,0.44652042458688207,-0.0003562562020629797,-0.0004069884447258504
253,2008-08-10 22:40:10,1.3679487285504814,0.7374368704864981,2467.61,2493.829,-38.6997087046862,4784.069178613909,1.1809426641686487,-3.5416869902795867,3.455840338587253,1.7752748972563315,-31.647958536134297,2785.391,2467.61,0.00035742537860725354,0.0004086074214785093,-0.2743679001997201,-0.28647763082363176,-0.2874232753198972,-0.15173119365675092,0.32906799013289045,0.7374368704864981,-0.0002635786526325848,-0.00030132217815266853,0.4462320820978199,-0.00035742537860725354,-0.0004086074214785093
256,2008-08-11 02:53:19,1.3567141087089647,0.7313804864100185,2447.578,2500.11,-38.87481687744787,4860.821899932977,1.1837483871262091,-3.5395349717322775,3.448678293668265,1.7742013268724648,-31.662032275252905,2779.5,2447.578,0.0003582096011766922,0.00041185768747812983,-0.2773022391191914,-0.2896230334748524,-0.2852443938963004,-0.1478303335096558,0.32443065786920355,0.7313913963132331,-0.0002619875123453479,-0.00030122467579946077,0.4435867019937484,-0.0003582096011766922,-0.00041185768747812983
259,2008-08-14 13:04:49,1.4604310209194575,0.7872924322020762,2633.531,2673.156,-37.363974526077364,4739.651176814966,1.120530084474352,-3.6302758500325787,3.474503178644755,1.8196650877007408,-30.434500875864142,2899.234,2633.531,0.00034332134095951453,0.0003827533587731115,-0.2679317236224741,-0.278447975787394,-0.28062082731590376,-0.17299947327422815,0.36011754452688055,0.7872924322020762,-0.00027029429355089445,-0.00030133882276199564,0.4574126840259634,-0.00034332134095951453,-0.0003827533587731115
261,2008-08-14 16:49:56,1.4500998937104097,0.7817231049614924,2615.031,2641.453,-37.88258787662229,4724.479900466073,1.1331264765398112,-3.6104629647008832,3.474031881945217,1.8096836854216038,-31.017997058077018,2894.922,2615.031,0.00034385079858486315,0.00038614185439224836,-0.2706496436275093,-0.28140310699822213,-0.27851041383731534,-0.1694368355369532,0.3555947593030208,0.781727380738157,-0.000268796113913248,-0.00030185600937109383,0.45488582471991457,-0.00034385079858486315,-0.00038614185439224836
263,2008-08-14 20:29:23,1.4381406901824496,0.7752761106852413,2594.14,2620.64,-38.158980736604235,4667.33949536786,1.1448838483958215,-3.589998452004815,3.474404210386772,1.7993287687468955,-31.39483761465523,2888.25,2594.14,0.00034469419188325813,0.00038844592242216064,-0.27350239926969133,-0.27938273977129324,-0.2810859170570642,-0.16602894390195122,0.3506590310087855,0.7752761921813529,-0.00026723317245904457,-0.0003011528439469946,0.45230212330268943,-0.00034469419188325813,-0.00038844592242216064
265,2008-08-15 00:08:59,1.4283681980964316,0.7700079337204485,2577.156,2605.297,-38.05243159675446,4677.938424431962,1.1473776207563011,-3.583216960388328,3.471767043833224,1.7959419603883284,-31.24511885640641,2873.906,2577.156,0.0003461673415717231,0.0003912155648745277,-0.2748879569615946,-0.2816520309434072,-0.2829650408015505,-0.1604949712934477,0.34781577431609023,0.7700079337204485,-0.0002665515994051432,-0.00030123908874830885,0.4517041436645312,-0.0003461673415717231,-0.0003912155648745277
267,2008-08-15 03:59:10,1.4147874517552432,0.7626867945054364,2552.25,2578.781,-37.89096376444466,4682.526185689041,1.1541572554081925,-3.582433057365567,3.4685305272975935,1.7956017209600372,-31.05306925187263,2847.406,2552.25,0.00034959649759084004,0.00039494169758754437,-0.2737557565940252,-0.28037228157750826,-0.2816194335649588,-0.16425252826350778,0.3443195080887398,0.7626876624020993,-0.0002666326321178854,-0.00030121681734958036,0.4514559719262131,-0.00034959649759084004,-0.00039494169758754437
270,2008-08-15 08:19:52,1.413889163393182,0.7622025431993112,2550.969,2579.109,-37.81203585126145,4723.549054183615,1.1556579500321131,-3.5771600196519135,3.4651213646662598,1.7929541659933774,-30.88589263299331,2849.281,2550.969,0.0003490977144601405,0.000395316995590601,-0.2739905344316502,-0.2808938541163931,-0.28205302417783307,-0.1630625872741236,0.34367410578911,0.7622049415921682,-0.00026608316578658614,-0.000301311619409066,0.45089603656601984,-0.0003490977144601405,-0.000395316995590601
272,2008-08-15 12:00:03,1.3989331662177225,0.7541400306782735,2523.484,2563.656,-37.9591954678784,4754.489947945923,1.1691810092034023,-3.5602044442775878,3.4652879859475885,1.784474211719448,-31.053992379018933,2833.688,2523.484,0.00035130473964733604,0.0003994605641484387,-0.2728660256145121,-0.2849151410510955,-0.2859930574440188,-0.15622577589037356,0.33831505616714425,0.7541400306782735,-0.0002649329671350648,-0.00030124920210165915,0.44861039383211593,-0.00035130473964733604,-0.0003994605641484387
274,2008-08-15 15:37:16,1.3953322584033976,0.7521988452127043,2516.203,2569.734,-38.521043498835155,4751.864681045004,1.156855600921347,-3.577634314124971,3.461799526154992,1.793581043096934,-31.492840068071885,2826.453,2516.203,0.00035212633464545666,0.00040179592713546555,-0.2744895757490138,-0.2863374167193252,-0.28229111506130855,-0.15688189247035245,0.33718505812925625,0.7522002372733944,-0.0002648690222892948,-0.0003022304324024616,0.4482658545346586,-0.00035212633464545666,-0.00040179592713546555
276,2008-08-15 19:13:34,1.390046129540245,0.7493491870022229,2507.266,2547.375,-38.878687997701746,4710.8919788525645,1.1588845534660315,-3.5750851927740097,3.463260140320492,1.7920645354970144,-31.93832684630049,2818.312,2507.266,0.00035314941711803486,0.00040213537729348603,-0.2758016335438338,-0.2825522395958061,-0.28378190829757,-0.1578642185627901,0.3357971607329097,0.7493600794201868,-0.0002646322286077084,-0.0003013398180397066,0.4481184026852271,-0.00035314941711803486,-0.00040213537729348603
279,2008-08-15 23:27:04,1.3860271454209647,0.747182624023947,2500.922000000006,2527.875,-38.65118899876309,4718.483362045321,1.1782262216544317,-3.553368261390252,3.462839429201602,1.7809541104468565,-31.74562722135923,2812.7189999999973,2500.922000000006,0.0003538381466710108,0.0004031406754333531,-0.27697245907334367,-0.28421318750240787,-0.28540806166487,-0.15340629175937848,0.3347255775545837,0.747182624023947,-0.00026438171490941606,-0.0003012197077210785,0.4479836211285553,-0.0003538381466710108,-0.0004031406754333531
282,2008-08-16 03:52:55,1.388215260193751,0.7483621978461461,2504.844,2558.719,-38.434235278537344,4753.261348528888,1.147431811473756,-3.5892723745121704,3.4569152237960306,1.7989851707207014,-31.31018499405759,2803.5,2504.844,0.0003549514424757301,0.00040238639668541696,-0.2717676476153792,-0.28423518381419544,-0.2851892843176841,-0.15880788425274128,0.3367887535520881,0.7483624363506242,-0.00026563224161979716,-0.00030113076820688996,0.4500344278764968,-0.0003549514424757301,-0.00040238639668541696
284,2008-08-16 07:37:37,1.3761826562394497,0.7418756347033405,2483.328,2523.828,-38.103875724329995,4698.917159927442,1.1680001180600816,-3.5660456479981493,3.4574690175816127,1.7873231599598716,-31.127360345471814,2783.25,2483.328,0.0003575918495154117,0.0004059900376812047,-0.27489686129460833,-0.28196638543035,-0.28280660131572466,-0.160330151959317,0.3333773063451871,0.741879359759774,-0.0002652886803239877,-0.0003011941168879744,0.44937087936375913,-0.0003575918495154117,-0.0004059900376812047
286,2008-08-16 11:21:22,1.3647168898640165,0.7356946436346268,2462.813,2503.25,-38.12742842632319,4763.472531245109,1.1656230242756256,-3.5638291392556756,3.4502191781217797,1.7861666392556754,-30.985550813719595,2776.391,2462.813,0.0003583945661848094,0.0004093400596265088,-0.2778146755076294,-0.2849802559119543,-0.28608809821013037,-0.15111697037028593,0.3287024886951073,0.7356970194453986,-0.00026366896264992,-0.00030114928929230074,0.44679201016223946,-0.0003583945661848094,-0.0004093400596265088
288,2008-08-16 15:02:56,1.3589854739373584,0.7326049390746541,2452.844,2507.047,-38.03962943213698,4774.649044437084,1.1682670080779467,-3.5615947194988875,3.4486728051793962,1.7849995504167615,-30.899653280757406,2766.516,2452.844,0.00035963090477417783,0.00041111843654506337,-0.2738784617652914,-0.28639001621973537,-0.2877193048085537,-0.15201221720641955,0.3271776606844932,0.7326049390746541,-0.00026346737708144927,-0.0003011873971575669,0.44659494255901155,-0.00035963090477417783,-0.00041111843654506337
291,2008-08-16 19:15:49,1.3462308764008801,0.7257291620112974,2430.063,2471.516,-37.85657903247749,4801.098992196299,1.1779362023037627,-3.548282264286931,3.444632719716698,1.778331020505836,-30.706123644966482,2751.516,2430.063,0.0003615235236901149,0.0004151610830166637,-0.27765214481098033,-0.2851485505629283,-0.28581546239330236,-0.151383842232789,0.32279726200994224,0.7257291620112974,-0.00026236816389499856,-0.0003012945048773887,0.4447902591034605,-0.0003615235236901149,-0.0004151610830166637
294,2008-08-18 14:27:16,1.4268427818454643,0.7691856089045949,2573.703,2601.015,-37.43017193410286,4748.109399815139,1.1359566014773272,-3.6104768955621274,3.467272639213176,1.809775952165901,-30.47122187456595,2848.859,2573.703,0.0003493143931463582,0.0003916024530599936,-0.2728197222319211,-0.2794615663372487,-0.2808378376267001,-0.16688087380413008,0.3500138312566431,0.769187836372517,-0.0002686876041914207,-0.00030121497130548413,0.4550446955905758,-0.0003493143931463582,-0.0003916024530599936
296,2008-08-18 18:08:54,1.4064481483279663,0.7581912240991063,2537.234,2578.219,-37.8264149292754,4723.633975741658,1.1623720077498119,-3.570482700165101,3.464490491162134,1.7896694300229208,-30.939221783021114,2840.016,2537.234,0.0003503929424542456,0.000397313581658721,-0.2718881493603722,-0.2840181606307859,-0.28528800318977876,-0.15880568681906315,0.34123028102135167,0.7581940829984867,-0.00026566485395507206,-0.0003012396708290295,0.4500583364398689,-0.0003503929424542456,-0.000397313581658721
298,2008-08-18 21:48:48,1.3934907492075153,0.7512061203027418,2514.391,2555.344,-38.08307173716899,4676.313205860978,1.1500258639556646,-3.5852786243340207,3.459667012281024,1.7970097248124899,-31.111640631561894,2817.375,2514.391,0.00035317959442282223,0.0004010618905285132,-0.2749674336515433,-0.28188662319579505,-0.2830015841865574,-0.16014435896610424,0.33755855400477147,0.7512097089102469,-0.0002653106728964641,-0.0003012801467852065,0.44935543638639797,-0.00035317959442282223,-0.0004010618905285132
300,2008-08-19 01:25:43,1.3882493512249316,0.7483805757157408,2505.234,2532.578,-37.88279649093536,4663.509246324312,1.1660496492634633,-3.5638090692643605,3.462241956955771,1.7861513769566684,-31.037910219908994,2809.234,2505.234,0.0003542564629445393,0.0004023965447182594,-0.2765869363928912,-0.2833583100032321,-0.2842875068619506,-0.1557672467419261,0.3360777146268493,0.7483805757157408,-0.0002651186556894563,-0.0003011457578022715,0.4490732730541934,-0.0003542564629445393,-0.0004023965447182594
302,2008-08-19 05:17:05,1.3701878338420928,0.7386439323920165,2472.672,2527.578,-37.96027066990377,4725.885679998858,1.1733185966912019,-3.5596679100838333,3.4555661695067355,1.784162084841115,-30.967950840538833,2791.187,2472.672,0.00035648479552136635,0.0004078020025113276,-0.27556309951948776,-0.28811273483612243,-0.2835612049129169,-0.15276296073147289,0.32957157115507046,0.7386472175212739,-0.0002633153312018658,-0.0003012204747723053,0.44618463200230923,-0.00035648479552136635,-0.0004078020025113276
305,2008-08-19 09:39:42,1.3796951665608619,0.743769166650052,2489.11,2516.61,-37.880513353762176,4717.915210136688,1.1707981413333735,-3.5600771572348022,3.458696199585801,1.7845257009241222,-30.93996203578424,2794.016,2489.11,0.000356077790974852,0.0004053476782640564,-0.27377048388192327,-0.28674003216180866,-0.2820198277037047,-0.15746965625256337,0.3337414955106823,0.7437711223772593,-0.00026483968185595717,-0.0003014851048659898,0.44871649763845306,-0.000356077790974852,-0.0004053476782640564
307,2008-08-19 13:17:33,1.3686586323935683,0.7378195670433692,2469.266,2524.391,-38.43416278222213,4740.787675510949,1.1615331633705508,-3.575329488608094,3.4525282614097663,1.7920667435100546,-31.295019295352862,2774.719,2469.266,0.000358486311042116,0.00040845690524170253,-0.2769364479088916,-0.2843465585259263,-0.2851802687825137,-0.15353672478266844,0.33064724327531697,0.7378217852505583,-0.0002644982148040685,-0.0003013674969813071,0.44814106055807745,-0.000358486311042116,-0.00040845690524170253
309,2008-08-19 16:54:51,1.3627371779096438,0.7346274160714679,2458.203,2513.25,-38.847489737859576,4718.028022055031,1.1694790080443043,-3.5562847752324886,3.4552290080443044,1.782779873271704,-31.81846533166901,2777.844,2458.203,0.00035809317004461454,0.00041023765798937515,-0.2786414878345036,-0.2860063647375597,-0.2866507246789952,-0.1487014227489415,0.3273263304835842,0.7346274160714679,-0.000263065060222716,-0.00030137183066394424,0.44556781209447865,-0.00035809317004461454,-0.00041023765798937515
311,2008-08-19 20:32:20,1.3634051133928073,0.7349874882306875,2459.875,2487.563,-38.80283421497622,4618.7437763610105,1.1851067749156443,-3.536064428850214,3.4619744219744675,1.7725212915953121,-32.00067162597675,2781.125,2459.875,0.00035784641418875793,0.0004099089683045863,-0.2784169983342364,-0.286005493126155,-0.28678445622552295,-0.14879305231408568,0.3275777961656513,0.7349887042498365,-0.00026301263713695346,-0.00030127796301742185,0.4456916633427587,-0.00035784641418875793,-0.0004099089683045863
314,2008-08-20 00:43:05,1.3518646035305233,0.7287662042753458,2439.625,2481.078,-38.72699121838442,4720.4829394475,1.1898308164117026,-3.5310810103257397,3.452221905520614,1.769870119236631,-31.73992229230571,2760.906,2439.625,0.00036032080081776775,0.00041329530466464176,-0.27598561293700674,-0.2891971580348447,-0.284200608632457,-0.15061662039569157,0.32442599022112956,0.7287721151682811,-0.00026258962233341763,-0.0003011956504252733,0.4451715630031514,-0.00036032080081776775,-0.00041329530466464176
317,2008-08-20 05:02:00,1.3547969729652622,0.7303469925709389,2445.109,2500.703,-38.67191958148309,4707.315280223716,1.1609933330242812,-3.568373339166587,3.447650049442191,1.7884847819526568,-31.52613649688221,2753.25,2445.109,0.0003613138005285731,0.00041236180461064805,-0.2762957406814617,-0.28350164591371985,-0.28415967181109725,-0.15604294159372123,0.32659675941312866,0.7303469925709389,-0.00026388444759041957,-0.00030116720384851725,0.44718026189641097,-0.0003613138005285731,-0.00041236180461064805
319,2008-08-20 08:37:19,1.341051440640485,0.7229370201580871,2420.062,2475.703,-38.371813640118894,4725.295857885037,1.1779635075990038,-3.5465754486774106,3.447928507599004,1.77774044867741,-31.27624493654335,2742.843,2420.062,0.0003627263126590211,0.00041663644130852245,-0.2791479493799798,-0.2868554294641844,-0.2874677060862425,-0.1465289150695933,0.32138696828218827,0.7229410712096912,-0.0002622282796066434,-0.0003012019073688598,0.4445573532973998,-0.0003627263126590211,-0.00041663644130852245
